{
    "objs": [
        {
            "id": 1000,
            "pos": [
                {
                    "pos": {
                        "x": 33.29999923706055,
                        "y": 10.102147102355957,
                        "z": 57.939998626708987
                    },
                    "rot": 88.99999237060547
                }
            ]
        }
    ],
    "paths": [],
    "areas": []
}