{
    "objs": [
        {
            "id": 1001,
            "pos": [
                {
                    "pos": {
                        "x": 198.19000244140626,
                        "y": 1.384056568145752,
                        "z": 9.609999656677246
                    },
                    "rot": 289.79998779296877
                }
            ]
        }
    ],
    "paths": [],
    "areas": []
}