{
    "objs": [
        {
            "id": 1003,
            "pos": [
                {
                    "pos": {
                        "x": 15.400008201599121,
                        "y": 101.6793441772461,
                        "z": 213.6000213623047
                    },
                    "rot": 77.19998931884766
                }
            ]
        }
    ],
    "paths": [],
    "areas": []
}