{
    "objs": [
        {
            "id": 1004,
            "pos": [
                {
                    "pos": {
                        "x": 129.4499969482422,
                        "y": 180.57078552246095,
                        "z": 85.02999877929688
                    },
                    "rot": 1.292232632637024
                }
            ]
        }
    ],
    "paths": [],
    "areas": []
}