{
    "objs": [
        {
            "id": 1100,
            "pos": [
                {
                    "pos": {
                        "x": 236.8058624267578,
                        "y": 218.48974609375,
                        "z": 160.30018615722657
                    },
                    "rot": 270.8530578613281
                }
            ]
        },
        {
            "id": 1100001,
            "pos": [
                {
                    "pos": {
                        "x": 210.12709045410157,
                        "y": 220.5247344970703,
                        "z": 160.27230834960938
                    },
                    "rot": 87.951904296875
                }
            ]
        }
    ],
    "paths": [],
    "areas": []
}