{
    "objs": [
        {
            "id": 1102,
            "pos": [
                {
                    "pos": {
                        "x": 102.69999694824219,
                        "y": 7.131999969482422,
                        "z": 64.5999984741211
                    },
                    "rot": 275.95001220703127
                }
            ]
        },
        {
            "id": 110200,
            "pos": [
                {
                    "pos": {
                        "x": 70.22000122070313,
                        "y": 7.793000221252441,
                        "z": 64.08000183105469
                    },
                    "rot": 88.5999984741211
                }
            ]
        }
    ],
    "paths": [],
    "areas": []
}