{
    "objs": [
        {
            "id": 1102,
            "pos": [
                {
                    "pos": {
                        "x": 102.69999694824219,
                        "y": 7.131946563720703,
                        "z": 64.5999984741211
                    },
                    "rot": 275.9499816894531
                }
            ]
        },
        {
            "id": 1102001,
            "pos": [
                {
                    "pos": {
                        "x": 70.2199935913086,
                        "y": 7.793245315551758,
                        "z": 64.08000183105469
                    },
                    "rot": 88.59998321533203
                }
            ]
        }
    ],
    "paths": [],
    "areas": []
}