{
    "objs": [
        {
            "id": 1103,
            "pos": [
                {
                    "pos": {
                        "x": 116.1259994506836,
                        "y": 67.7300033569336,
                        "z": 76.09400177001953
                    },
                    "rot": 276.29998779296877
                }
            ]
        },
        {
            "id": 110300,
            "pos": [
                {
                    "pos": {
                        "x": 89.28097534179688,
                        "y": 67.7301025390625,
                        "z": 76.42401885986328
                    },
                    "rot": 75.5
                }
            ]
        }
    ],
    "paths": [],
    "areas": []
}