{
    "objs": [
        {
            "id": 1103001,
            "pos": [
                {
                    "pos": {
                        "x": 211.1999969482422,
                        "y": 220.5247344970703,
                        "z": 161.3000030517578
                    },
                    "rot": 67.12816619873047
                },
                {
                    "pos": {
                        "x": 89.28135681152344,
                        "y": 67.7301025390625,
                        "z": 76.42401123046875
                    },
                    "rot": 75.5
                }
            ]
        },
        {
            "id": 1103,
            "pos": [
                {
                    "pos": {
                        "x": 116.12574768066406,
                        "y": 67.73023223876953,
                        "z": 76.09407043457031
                    },
                    "rot": 276.29998779296877
                }
            ]
        }
    ],
    "paths": [],
    "areas": []
}