{
    "objs": [
        {
            "id": 1107,
            "pos": [
                {
                    "pos": {
                        "x": 113.01864624023438,
                        "y": 67.730224609375,
                        "z": 75.87874603271485
                    },
                    "rot": 58.304264068603519
                }
            ]
        },
        {
            "id": 1107000,
            "pos": [
                {
                    "pos": {
                        "x": 88.41346740722656,
                        "y": 67.73009490966797,
                        "z": 75.36428833007813
                    },
                    "rot": 83.7867431640625
                }
            ]
        }
    ],
    "paths": [],
    "areas": []
}