{
    "objs": [
        {
            "id": 1111,
            "pos": [
                {
                    "pos": {
                        "x": 135.01332092285157,
                        "y": 64.22526550292969,
                        "z": 76.7461166381836
                    },
                    "rot": 266.9725341796875
                }
            ]
        },
        {
            "id": 111101,
            "pos": [
                {
                    "pos": {
                        "x": 91.48486328125,
                        "y": 67.73011016845703,
                        "z": 75.84603881835938
                    },
                    "rot": 83.78718566894531
                }
            ]
        }
    ],
    "paths": [],
    "areas": []
}