{
    "objs": [
        {
            "id": 1200,
            "pos": [
                {
                    "pos": {
                        "x": 104.80999755859375,
                        "y": 2.100158214569092,
                        "z": 41.5099983215332
                    },
                    "rot": 356.0
                }
            ]
        }
    ],
    "paths": [],
    "areas": []
}