{
    "objs": [
        {
            "id": 1300000,
            "pos": [
                {
                    "pos": {
                        "x": 91.8455810546875,
                        "y": 67.73011779785156,
                        "z": 76.40972137451172
                    },
                    "rot": 63.4605712890625
                }
            ]
        },
        {
            "id": 1300,
            "pos": [
                {
                    "pos": {
                        "x": 115.31632995605469,
                        "y": 67.73023223876953,
                        "z": 76.30946350097656
                    },
                    "rot": 10.717621803283692
                }
            ]
        }
    ],
    "paths": [],
    "areas": []
}