{
    "objs": [
        {
            "id": 1302,
            "pos": [
                {
                    "pos": {
                        "x": 37.0,
                        "y": 23.253999710083009,
                        "z": 159.60000610351563
                    },
                    "rot": 193.89999389648438
                },
                {
                    "pos": {
                        "x": 37.79999923706055,
                        "y": 23.253999710083009,
                        "z": 118.69999694824219
                    },
                    "rot": 0.10000000149011612
                }
            ]
        },
        {
            "id": 130200,
            "pos": [
                {
                    "pos": {
                        "x": 37.79999923706055,
                        "y": 23.253999710083009,
                        "z": 125.69999694824219
                    },
                    "rot": 0.10000000149011612
                }
            ]
        }
    ],
    "paths": [],
    "areas": []
}