{
    "objs": [
        {
            "id": 1306,
            "pos": [
                {
                    "pos": {
                        "x": 150.60397338867188,
                        "y": 61.959354400634769,
                        "z": 162.8200225830078
                    },
                    "rot": 281.10601806640627
                }
            ]
        },
        {
            "id": 130600,
            "pos": [
                {
                    "pos": {
                        "x": 210.25,
                        "y": 60.00732421875,
                        "z": 183.91000366210938
                    },
                    "rot": 313.9939880371094
                }
            ]
        },
        {
            "id": 130601,
            "pos": [
                {
                    "pos": {
                        "x": 85.20999908447266,
                        "y": 60.00732421875,
                        "z": 136.9499969482422
                    },
                    "rot": 4.59499979019165
                }
            ]
        }
    ],
    "paths": [],
    "areas": []
}