{
    "objs": [
        {
            "id": 14010001002,
            "pos": [
                {
                    "pos": {
                        "x": 198.0399932861328,
                        "y": 1.5099999904632569,
                        "z": 9.260000228881836
                    },
                    "rot": 285.6400146484375
                }
            ]
        }
    ],
    "paths": [],
    "areas": []
}