{
    "objs": [
        {
            "id": 14020001106,
            "pos": [
                {
                    "pos": {
                        "x": 102.43000030517578,
                        "y": 6.860000133514404,
                        "z": 64.41000366210938
                    },
                    "rot": 270.0
                }
            ]
        }
    ],
    "paths": [],
    "areas": []
}