{
    "objs": [
        {
            "id": 1407,
            "pos": [
                {
                    "pos": {
                        "x": 38.30999755859375,
                        "y": 23.25391960144043,
                        "z": 122.81999969482422
                    },
                    "rot": 1.0699975490570069
                },
                {
                    "pos": {
                        "x": 38.30999755859375,
                        "y": 23.25391960144043,
                        "z": 157.72000122070313
                    },
                    "rot": 180.0
                }
            ]
        },
        {
            "id": 140701,
            "pos": [
                {
                    "pos": {
                        "x": 38.496910095214847,
                        "y": 23.25391960144043,
                        "z": 139.11105346679688
                    },
                    "rot": 99.27378845214844
                }
            ]
        }
    ],
    "paths": [],
    "areas": []
}