{
    "objs": [
        {
            "id": 1411,
            "pos": [
                {
                    "pos": {
                        "x": 31.53022003173828,
                        "y": 84.08748626708985,
                        "z": 24.884750366210939
                    },
                    "rot": 201.77783203125
                }
            ]
        },
        {
            "id": 141019,
            "pos": [
                {
                    "pos": {
                        "x": 31.53022003173828,
                        "y": 84.08748626708985,
                        "z": 24.884750366210939
                    },
                    "rot": 201.7779998779297
                }
            ]
        }
    ],
    "paths": [],
    "areas": []
}