{
    "objs": [
        {
            "id": 1413,
            "pos": [
                {
                    "pos": {
                        "x": 45.50656509399414,
                        "y": 6.670161247253418,
                        "z": 74.74755096435547
                    },
                    "rot": 235.0958251953125
                },
                {
                    "pos": {
                        "x": 46.4471435546875,
                        "y": 6.670160293579102,
                        "z": 73.33377838134766
                    },
                    "rot": 232.75454711914063
                }
            ]
        }
    ],
    "paths": [],
    "areas": []
}