{
    "objs": [
        {
            "id": 1414,
            "pos": [
                {
                    "pos": {
                        "x": 102.83999633789063,
                        "y": 16.006195068359376,
                        "z": 63.83000946044922
                    },
                    "rot": 275.0
                }
            ]
        },
        {
            "id": 141400,
            "pos": [
                {
                    "pos": {
                        "x": 101.92054748535156,
                        "y": 16.006195068359376,
                        "z": 110.62413787841797
                    },
                    "rot": 231.1385498046875
                }
            ]
        }
    ],
    "paths": [],
    "areas": []
}