{
    "objs": [
        {
            "id": 1416,
            "pos": [
                {
                    "pos": {
                        "x": 31.299999237060548,
                        "y": 12.056195259094239,
                        "z": 43.099998474121097
                    },
                    "rot": 276.5
                }
            ]
        },
        {
            "id": 141601,
            "pos": [
                {
                    "pos": {
                        "x": 34.5,
                        "y": 12.056195259094239,
                        "z": 65.0
                    },
                    "rot": 101.03814697265625
                }
            ]
        }
    ],
    "paths": [],
    "areas": []
}