{
    "objs": [
        {
            "id": 142501,
            "pos": [
                {
                    "pos": {
                        "x": 92.2917709350586,
                        "y": 18.9998779296875,
                        "z": 140.79713439941407
                    },
                    "rot": 98.88778686523438
                }
            ]
        },
        {
            "id": 1417,
            "pos": [
                {
                    "pos": {
                        "x": 102.31988525390625,
                        "y": 19.0008544921875,
                        "z": 140.0229949951172
                    },
                    "rot": 112.1461410522461
                }
            ]
        }
    ],
    "paths": [],
    "areas": []
}