{
    "objs": [
        {
            "id": 142503,
            "pos": [
                {
                    "pos": {
                        "x": 91.73884582519531,
                        "y": 18.9998779296875,
                        "z": 139.54136657714845
                    },
                    "rot": 310.877685546875
                }
            ]
        },
        {
            "id": 1419,
            "pos": [
                {
                    "pos": {
                        "x": 91.81938934326172,
                        "y": 19.032194137573243,
                        "z": 152.2090301513672
                    },
                    "rot": 226.00897216796876
                }
            ]
        }
    ],
    "paths": [],
    "areas": []
}