{
    "objs": [
        {
            "id": 1420,
            "pos": [
                {
                    "pos": {
                        "x": 101.31501770019531,
                        "y": 18.9998779296875,
                        "z": 138.76231384277345
                    },
                    "rot": 91.82609558105469
                }
            ]
        }
    ],
    "paths": [],
    "areas": []
}