{
    "objs": [
        {
            "id": 1422,
            "pos": [
                {
                    "pos": {
                        "x": 55.83203125,
                        "y": 13.03409194946289,
                        "z": 93.84730529785156
                    },
                    "rot": 0.6860154867172241
                }
            ]
        },
        {
            "id": 142509,
            "pos": [
                {
                    "pos": {
                        "x": 56.20042419433594,
                        "y": 13.034097671508789,
                        "z": 104.86505126953125
                    },
                    "rot": 181.29652404785157
                }
            ]
        }
    ],
    "paths": [],
    "areas": []
}