{
    "objs": [
        {
            "id": 1423,
            "pos": [
                {
                    "pos": {
                        "x": 64.3764419555664,
                        "y": 13.034095764160157,
                        "z": 102.61485290527344
                    },
                    "rot": 74.30875396728516
                }
            ]
        },
        {
            "id": 142515,
            "pos": [
                {
                    "pos": {
                        "x": 52.55744934082031,
                        "y": 13.034086227416993,
                        "z": 102.23589324951172
                    },
                    "rot": 84.66424560546875
                }
            ]
        }
    ],
    "paths": [],
    "areas": []
}