{
    "objs": [
        {
            "id": 1424,
            "pos": [
                {
                    "pos": {
                        "x": 65.47793579101563,
                        "y": 13.03409194946289,
                        "z": 102.86451721191406
                    },
                    "rot": 73.88140106201172
                }
            ]
        },
        {
            "id": 142523,
            "pos": [
                {
                    "pos": {
                        "x": 50.730567932128909,
                        "y": 13.034093856811524,
                        "z": 101.89166259765625
                    },
                    "rot": 84.20124053955078
                }
            ]
        }
    ],
    "paths": [],
    "areas": []
}