{
    "objs": [
        {
            "id": 1425,
            "pos": [
                {
                    "pos": {
                        "x": 63.81444549560547,
                        "y": 13.034096717834473,
                        "z": 102.71672058105469
                    },
                    "rot": 75.83970642089844
                }
            ]
        },
        {
            "id": 142524,
            "pos": [
                {
                    "pos": {
                        "x": 50.41848373413086,
                        "y": 13.034096717834473,
                        "z": 100.81556701660156
                    },
                    "rot": 81.47357940673828
                }
            ]
        }
    ],
    "paths": [],
    "areas": []
}