{
    "objs": [
        {
            "id": 1426,
            "pos": [
                {
                    "pos": {
                        "x": 65.2838134765625,
                        "y": 13.034092903137207,
                        "z": 105.35700225830078
                    },
                    "rot": 124.3283920288086
                }
            ]
        },
        {
            "id": 142525,
            "pos": [
                {
                    "pos": {
                        "x": 50.97388458251953,
                        "y": 13.03409194946289,
                        "z": 101.95945739746094
                    },
                    "rot": 84.31742095947266
                }
            ]
        }
    ],
    "paths": [],
    "areas": []
}