{
    "objs": [
        {
            "id": 1427,
            "pos": [
                {
                    "pos": {
                        "x": 65.81369018554688,
                        "y": 13.034090042114258,
                        "z": 105.3044662475586
                    },
                    "rot": 122.49031829833985
                }
            ]
        },
        {
            "id": 142526,
            "pos": [
                {
                    "pos": {
                        "x": 50.58556365966797,
                        "y": 13.034095764160157,
                        "z": 102.09852600097656
                    },
                    "rot": 84.7883529663086
                }
            ]
        }
    ],
    "paths": [],
    "areas": []
}