{
    "objs": [
        {
            "id": 1428,
            "pos": [
                {
                    "pos": {
                        "x": 272.36279296875,
                        "y": 165.25851440429688,
                        "z": 215.76333618164063
                    },
                    "rot": 216.76150512695313
                }
            ]
        }
    ],
    "paths": [],
    "areas": []
}