{
    "objs": [
        {
            "id": 1620,
            "pos": [
                {
                    "pos": {
                        "x": 103.18709564208985,
                        "y": 7.131946563720703,
                        "z": 64.7551040649414
                    },
                    "rot": 287.6521911621094
                }
            ]
        },
        {
            "id": 100079,
            "pos": [
                {
                    "pos": {
                        "x": 70.48087310791016,
                        "y": 7.793244361877441,
                        "z": 64.71942138671875
                    },
                    "rot": 95.16963195800781
                }
            ]
        },
        {
            "id": 100080,
            "pos": [
                {
                    "pos": {
                        "x": 70.64793395996094,
                        "y": 7.7932448387146,
                        "z": 63.57332229614258
                    },
                    "rot": 81.8705062866211
                }
            ]
        },
        {
            "id": 100081,
            "pos": [
                {
                    "pos": {
                        "x": 70.37522888183594,
                        "y": 7.7932448387146,
                        "z": 66.14151000976563
                    },
                    "rot": 117.48234558105469
                }
            ]
        }
    ],
    "paths": [],
    "areas": []
}