{
    "objs": [
        {
            "id": 1630,
            "pos": [
                {
                    "pos": {
                        "x": 69.86625671386719,
                        "y": 7.793251991271973,
                        "z": 63.97478485107422
                    },
                    "rot": 85.00131225585938
                }
            ]
        }
    ],
    "paths": [],
    "areas": []
}