{
    "objs": [
        {
            "id": 1634,
            "pos": [
                {
                    "pos": {
                        "x": 31.553794860839845,
                        "y": 84.09693908691406,
                        "z": 7.13006591796875
                    },
                    "rot": 354.33270263671877
                }
            ]
        },
        {
            "id": 141150,
            "pos": [
                {
                    "pos": {
                        "x": 31.63599395751953,
                        "y": 84.08737182617188,
                        "z": 25.160125732421876
                    },
                    "rot": 195.25514221191407
                }
            ]
        },
        {
            "id": 141151,
            "pos": [
                {
                    "pos": {
                        "x": 31.10169792175293,
                        "y": 82.86353302001953,
                        "z": 70.6004409790039
                    },
                    "rot": 181.00511169433595
                }
            ]
        }
    ],
    "paths": [],
    "areas": []
}