{
    "objs": [
        {
            "id": 1641,
            "pos": [
                {
                    "pos": {
                        "x": 55.72031784057617,
                        "y": 17.631412506103517,
                        "z": 54.58749771118164
                    },
                    "rot": 0.8593791127204895
                },
                {
                    "pos": {
                        "x": 55.35103225708008,
                        "y": 17.571409225463868,
                        "z": 126.21827697753906
                    },
                    "rot": 179.55123901367188
                }
            ]
        }
    ],
    "paths": [],
    "areas": []
}