{
    "objs": [
        {
            "id": 1000001,
            "pos": [
                {
                    "pos": {
                        "x": 190.0,
                        "y": 27.771499633789064,
                        "z": 160.0
                    },
                    "rot": 51.37997817993164
                },
                {
                    "pos": {
                        "x": 191.0,
                        "y": 27.78819465637207,
                        "z": 160.0
                    },
                    "rot": 42.92715835571289
                },
                {
                    "pos": {
                        "x": 192.0,
                        "y": 27.822006225585939,
                        "z": 160.0
                    },
                    "rot": 35.512718200683597
                }
            ]
        },
        {
            "id": 1000,
            "pos": [
                {
                    "pos": {
                        "x": 191.88999938964845,
                        "y": 27.715255737304689,
                        "z": 173.38999938964845
                    },
                    "rot": 179.24855041503907
                }
            ]
        }
    ],
    "paths": [],
    "areas": []
}