{
    "objs": [
        {
            "id": 1001,
            "pos": [
                {
                    "pos": {
                        "x": 198.19000244140626,
                        "y": 1.384056568145752,
                        "z": 9.609999656677246
                    },
                    "rot": 289.79998779296877
                }
            ]
        },
        {
            "id": 1001001,
            "pos": [
                {
                    "pos": {
                        "x": 199.31622314453126,
                        "y": 0.1630535125732422,
                        "z": 15.777793884277344
                    },
                    "rot": 192.601318359375
                },
                {
                    "pos": {
                        "x": 195.73028564453126,
                        "y": 0.6488094329833984,
                        "z": 4.543520927429199
                    },
                    "rot": 23.761690139770509
                }
            ]
        }
    ],
    "paths": [],
    "areas": []
}