{
    "objs": [
        {
            "id": 1005,
            "pos": [
                {
                    "pos": {
                        "x": 293.54998779296877,
                        "y": 54.41591262817383,
                        "z": 128.77999877929688
                    },
                    "rot": 270.1102600097656
                }
            ]
        }
    ],
    "paths": [],
    "areas": []
}