{
    "objs": [
        {
            "id": 1100,
            "pos": [
                {
                    "pos": {
                        "x": 262.94586181640627,
                        "y": 218.48974609375,
                        "z": 159.2401885986328
                    },
                    "rot": 270.8530578613281
                }
            ]
        }
    ],
    "paths": [],
    "areas": []
}