{
    "objs": [
        {
            "id": 1102,
            "pos": [
                {
                    "pos": {
                        "x": 144.32456970214845,
                        "y": 64.22526550292969,
                        "z": 76.88077545166016
                    },
                    "rot": 270.8688049316406
                }
            ]
        }
    ],
    "paths": [],
    "areas": []
}